Sequences,Scores
HWMWRMLKWFAY,-51.797005
RWWFFSWVVARR,-49.106262
EWWHFFFWAFRF,-50.64116
MWRWWIHYVIFK,-50.525314
WYWWFFFFHIFR,-53.553913
EWHLDLMWIRHW,-45.460854
AWWYFIHRWMHY,-51.97407
FWHWSMRWTMRR,-51.7163
FWWWMMLYRMRR,-53.50032
WFWFKLFMWFRF,-51.415516
MWYWMRWIVMRR,-50.584087
HWWRWMFRIHRM,-51.19923
WHWWRLLMRGYM,-48.116985
WWMWRIVFMMRF,-52.856937
EWKWFMWFAMRF,-48.256577
FWWMARFMGIFW,-47.457623
KWLRHWLIIDFQ,-44.517403
HFLRHMMWMMRM,-52.48566
WWRFAMLKAMMF,-44.86046
HWWRWLFREEIF,-48.10307
HFWWYMLWEMRF,-53.19573
HYWWWSMRMGRR,-53.37719
HWHMFWWMIMRM,-52.079296
WQFYMMHWKMKR,-45.218735
NWWFFHWMMRFL,-48.685776
HWHWRMKRAMRW,-48.61004
WFRMAHWRAFRK,-46.066128
HKWRFMWHWHYF,-51.08769
WFHWMAMWRMTF,-48.40176
MWWWHMIRMRRY,-52.592335
MWWFWLLHMRRR,-48.57571
IHRWMTRWRMKW,-49.909786
WWWHRIMYNMRR,-46.58177
WYMWWTFYMTAL,-49.557613
WWWKHQMMMRFH,-50.142765
FFMWWYLYWRYF,-49.24751
FWHWGMKWTMRR,-51.6219
WFKIFWWKFRRK,-45.34968
QWWKEMLWLRRK,-47.863323
GWWMHMWHIYFR,-51.349354
HWKWREWFTMRR,-52.77155
RWMWHIWMYYFY,-48.18208
NWHWRMWFAMRR,-51.114315
WQRFMRHWWMRM,-50.803314
WFWFFRWLMRRM,-51.25214
WWWIYEMMIMIF,-49.29492
WWRLLWHHIHFF,-54.11542
HMWYTFHWYMRW,-46.802242
FWWKWEVFLRLY,-48.582905
KHWWYFWFMLRF,-53.647102
HHWWWSHFVLFK,-53.624363
WFWMHKYMHMHW,-47.896515
WFWMHSIWRMRY,-48.412193
HWWHRWFRFYFM,-53.777134
WRWFWMHFNLFR,-53.176727
KWWFFEWMHRRF,-51.19759
HWRWWEVMIIKR,-50.130867
WWWIRRHFQRRF,-47.194008
MWFFFFWMNLAR,-45.971706
WWWLKRFMSDIY,-45.032833
DFWMIWWMFRRR,-48.767178
WFWRWMIRIMHR,-52.21471
WRRWWMFYRNHF,-48.204227
WFKMEHFIEMRH,-45.29211
SWWWIMILITFY,-47.728153
WRRWWMMKAKFY,-47.994854
WWWLYKHFLRHK,-48.156284
WFWWYLFFMAFK,-49.58053
IGFMWFMKRMLR,-47.586926
EWYWEFFMVMRF,-52.519764
WWWLYYNFYMEY,-48.181522
HWRWAFFHIFFY,-46.021267
WYFIWSFWMRFF,-50.67937
SWWWKMLRIKFF,-53.375164
WHWFWRFFDVFR,-55.86565
WWWIYEIMHMIF,-47.28026
WWHWTFFMHRFF,-52.62503
VWWMFMEFFHWF,-54.299206
WFMWYVIKEMFY,-46.451794
WMRWWMKLMKKY,-48.21999
WWWKHERFFAFK,-49.557568
WWWFKMHMIMRH,-45.4419
MWYWFIWFHMFY,-48.329937
GWWMFMRWHMRF,-51.555504
WWWLFELYDMRF,-45.43319
WLRFRFYVWHMW,-45.808468
WFRFEKFTMMKW,-42.540115
WKWWRLIMMMRF,-52.078182
WWWYETMMRMFY,-47.142044
WMRHWWDYFRSF,-54.539272
WFWKWHIFRLRR,-49.234665
FWYWMFFRHMRM,-49.999866
AWWWRMTFIMRF,-53.508335
KWWFFAWHHRRF,-51.885723
WFRWHWHFRNKF,-47.83313
WWRIIWFIKMRS,-48.842144
EWWHFFFWSFRK,-51.63228
WFHWMFHWRHYY,-50.880417
HWWFHHWIRMRV,-47.104664
WWWYAIMMMMVH,-45.423378
IWWFFEFWALVH,-47.184635
AWWHIMRFDGKW,-49.370213
WRWFVKFWDHFR,-52.91444
WWWYYGIMMMHY,-47.67169
EFMFRWRWYMRF,-49.435856
WWWLKTMFYVHF,-45.963245
YWWLWGMFRMRY,-50.343853
FWWFHGWIFSSI,-43.961357
HHRKAKIWRMHM,-40.480312
KWHFSLWMWMHF,-48.28314
FDFMETWDLRRL,-41.480656
FWWMQMFYFIHW,-47.65244
FWHMKRHMWIFY,-50.700043
HFWFIWLHTLRY,-51.139904
WWWYYQIMAMLF,-45.66641
FWHWIFWFRAFK,-48.75541
HWWHWYMVRRVY,-47.579357
YWWWAMLFMMRR,-54.543087
FWMMAEWWMKAF,-48.890903
FWEWRHWFMMRR,-53.46135
EFWHRWWMKHFF,-51.097706
DWWKKIHWRMLR,-50.804638
WFWLWYIFRMLR,-50.878696
WWWKFKHFIDMR,-44.858997
LWRFMIFWMMFY,-47.10731
MWYWQFFMHMRF,-54.55997
HWWMWMFREMRY,-53.530655
MWRMWWMFFAHY,-45.050808
WWWHYQHYMMRF,-45.778805
FWWKMFFWHRFF,-50.701313
WWMWKMLMEMRR,-53.89387
WWWLFDLFHMRF,-47.343647
EGWYRELFSAMW,-42.214336
MFWKFKWEWTRR,-48.22935
FFRWNAHWVHRW,-48.144535
WWKIWIFYMVRF,-45.649033
AWWWLMLFKHRF,-53.585773
MFWMWWHRERFY,-49.325706
WQRWWMKKMMRR,-54.692154
HEWWMIWFRMFF,-52.870987
DWFWHMWFKMRF,-50.402042
EWRMHWWYKLFY,-47.0798
AWWWEMLFMMRY,-55.23518
FWWMKFGFSMRF,-46.487526
WSWWMIRYTMRR,-51.81507
WWQLMMWIYMVF,-47.16363
KWMWFEWLNRFF,-48.888283
HFWMMMWWFMRF,-53.265312
WFHWGLWMHRRF,-52.77132
EWYHWRKWRMMR,-49.749172
NWWHHYWFKRRF,-51.16634
EWWMKIFMELWK,-50.275417
DWWFFAWHFRRF,-51.095173
EFWWMYQWRKEH,-44.86628
SWMWRHWFHRRL,-51.46053
WFWFFIWMMRRM,-51.28776
WWWLLDIMFMRK,-47.19212
WEWWRLHFFHAR,-50.943287
WWRFEMMWHMFF,-53.08808
HWWWMMKFMMRR,-55.869328
RFMRAWWWMRRM,-46.984238
WFWFFQFMLWRR,-45.261574
WYWWFFFFEIFR,-53.173462
WSWWRIFFAFFF,-53.4168
WWWIYTIMMMHY,-47.031788
FWMWFRWITRRR,-51.905453
SWWHFRKWAMRR,-49.325695
WWWLFNMRDMRF,-46.48333
WRRIVAWWRRRF,-49.103092
WWRFNMLWMMMF,-45.772465
WRRYWAFYMWLF,-45.28716
HWRWFMKWARRF,-51.737743
MWLWWYMLGKFR,-46.89184
WEMWWYIFQGFK,-50.570736
AWHWQMYYHMMW,-51.419827
WWYYLMRWMMVF,-51.984165
SWLMEWRWFREF,-49.126705
FWWKWKLFLMRY,-48.36533
WFWFFFWLKRRR,-48.66148
AWFWSMLMMRRW,-47.17258
WFRMKWFHRIFK,-48.314888
WSWFHDVYRMFM,-45.03541
WFWFRRFFSFRW,-49.505062
VWWKHYWYFRRF,-50.639282
FWWKKFFWYFRI,-44.405834
FWFYFLFWMWRF,-47.45251
KWKKNWRWYYFM,-47.871212
WWILGMFIMRFK,-45.162983
IWRMDWIWRMLF,-46.54796
EWYFSIHFNLRR,-51.6396
HWWIWSLFTMMR,-48.389008
WDYFRIKWKMHW,-46.47459
WWWYERFMTMRF,-46.076923
LWRFLMFMFHYW,-42.462597
FWFWLFWMRRSF,-50.523777
FFMMYMWWWFYH,-52.17241
RWWFFHRWHMHR,-52.670437
LWKKIMFLWLFM,-46.7139
WWWLLMYFRDFY,-45.722332
QFFHWSFWRMMW,-46.843376
WMRHRMFWGLRW,-48.236362
MWEWAFFFWIIY,-43.589306
DWHFMMFFQLRW,-46.534527
FYMFRMLWFMRF,-43.500103
YWFFFHWMKDRM,-47.01417
WWWLLMHFYAHF,-48.162724
FLWFTFFYIIVW,-44.700756
WMMWMFHMWRMY,-53.874836
DWWFFIWMKRRF,-51.636124
HWWMKIHWIRGF,-51.320683
WWRFLMFWDTFK,-47.58421
LWWFLMLEHYWR,-55.996693
WWWYRFLFMEHK,-46.467373
VWWWLMLFMRRF,-56.14
WRWFVYHWVSRR,-47.77263
FFLWYFRWMHAW,-45.365543
FWMRFMMFWHYW,-53.32517
WEKFMMWFWMRR,-49.556187
MWLWWYLRLQLR,-44.640423
YHWRNLWQWFFF,-49.444473
WHWFFYWFVRRR,-50.80564
HWMWFMIWTMRR,-56.49235
KWYWKMWHFMRR,-50.857098
WWWLMRHRKEIR,-45.433163
WKWWMLMFNKRF,-51.939987
VWFWMFFWIMRF,-52.420338
WFWRWRFRLFRR,-50.14967
WFWMHHHWRFFK,-48.83222
WHWWFLMRIRFF,-54.01871
WWWLYYFFIMFY,-50.103443
WWWYYEMMMMFY,-49.24643
FWFMHFFWNMWR,-53.17288
WWYHFMMIFHDF,-51.465866
FWWLWVHMAMRR,-54.115154
HWRWGRIHMMRF,-47.47969
HWWMWLILFARR,-44.5242
HWHFLWWMHFFH,-50.025715
HMWRRMWFWMFI,-51.325665
WFRMQFWVIMRF,-46.23595
GWWLWSHMYMRM,-46.94064
RWWHWAFHVMRF,-50.10851
WFMMFLHYLMFM,-45.19996
RWWFFSMEHMRW,-49.193363
SWWWKMLRMRRY,-53.515957
EYRRRTWRLLRI,-42.86404
IHWWQFWFNERK,-50.662346
WWWLKDFFNFHY,-48.282986
WFRMMHFHMMRF,-46.23479
FWWRMMLKWHVF,-51.608723
EWRFWWQRVRRR,-50.420795
WLFRNWMFRGLW,-43.626156
WWWLFDHHYMRF,-45.844322
WWWLEHFIHMRY,-44.71692
WYWYLDWRTMMY,-45.862225
IFHWMRRFVMRW,-51.56393
AWFMMFEWEMWR,-45.371136
VWWMAMRWKKMF,-52.719723
WHWFQAWIIERR,-49.838768
WMRLRWWMQAAF,-50.522892
KFWMMFWWMMHM,-50.109196
FWWRFMYIYNRW,-50.22109
WFWFRFWMFFFK,-52.22811
IWIWNFFMFMRR,-47.46636
EWFWNMKSYHWK,-46.909756
HWWMMMFMWMRR,-53.017586
DWWFHMTHLQWK,-48.80175
WHWYGWLHMKMY,-46.467552
HVRVQLYSHLAA,-48.015293
FYFMYMEYMESM,-42.5713
FWFHWDIAGSMW,-45.71819
MWIWWSIFGHFR,-51.09918
HKWFKRMWRDKW,-47.839108
HFWWEFFWDMFF,-51.503864
WWWIYYMFMDFY,-48.124874
WWRFNMWFHMFK,-48.408672
EWRWWYLITLRF,-50.32086
EMWYWFFWVRMR,-43.57884
VWRDKYIWMRFF,-46.044216
FWWWYLFKMLRY,-51.9477
WFFWMHERMFRW,-51.45087
FWWFFRFIDSLW,-45.55753
HFWRMYMWRRRY,-47.489765
HAWMRMWWAMRF,-49.30048
WMRHRYHWRRRW,-50.367733
RWWYWMIFIMRY,-49.237576
IFFLYMMYKMRM,-47.775494
FWHMVWWRIHFY,-48.548065
EWWWLMLFRHHR,-54.962772
WFKFEEWHMMRR,-46.219948
WHMWWYMYKRFF,-52.447735
GWWMHREWFSFY,-47.528652
FWWMMMMFWRSY,-51.2598
WFWLWMHFIMHY,-53.035816
KWKWFMFWMMRR,-48.723244
WEFRWNWYMRRF,-46.49013
EWHWRHWFMMLY,-52.198795
WWWFKDFFRIFF,-47.695786
QWWHFMFFSFWQ,-56.300835
LWKWRMRWKMRR,-53.7056
HHWLWAIWYHMK,-47.806896
HFMWRIWWSMRF,-52.83061
FWHWRRWIKMRR,-50.75226
IWWLHKWFQRRM,-47.47253
EWWWFMLIMRFM,-54.436485
WHWFEFFMWDFR,-50.56545
HQWWQRMWHKMR,-46.323162
WFRMHKWRGFRY,-46.285885
WWFYFRYHAMAW,-46.226353
VWRRKMWWRMFK,-49.76103
HHWFWMHWVMYF,-53.18162
FWWHKHWRIRRY,-46.57033
WWWKHEHFSMFR,-46.05183
WMWWYFVRILMY,-50.700512
SWWKKIHWKMHV,-51.30483
HWWFFRWFMRRF,-52.941936
WWFLHHWRIRRV,-46.17359
SWHWKMFFWYFF,-50.333584
WFWFREFYSMWR,-52.904472
WWWLYRHFYAMR,-50.419407
GWWKWYMLLKFY,-45.956608
WKWHIWSHMIYR,-46.142914
IHWHWAWFIRFM,-46.882664
GFFLMWRWHMRR,-45.719563
YFYWYRFFMYKW,-46.135292
WRWWHFHFKYFK,-52.702065
WWRIIHWIEMRR,-51.91156
SWWYQIELHMWR,-54.149555
DWWMYRLWVMRF,-48.65743
WHWFWSFFDLFR,-56.312344
WWEFAIFHWMLF,-46.409298
MFRMWEIWWYFY,-43.318996
EWMWFWMRHRFY,-47.550156
WFWFREFMWFFK,-53.963406
RWWWFQMFILRY,-46.815716
MWLWWGHFLMRH,-52.810223
GWFFFHWMWRAF,-51.805042
KFWWKWLLIKHR,-47.129173
HMWHWMRYLFMW,-52.75185
WWWIYAHFLMLY,-47.68539
WDWWHIMERIFF,-50.53728
WWWLFGIMEMHY,-45.713284
WSWWRRIEFRFR,-53.806675
HWWRRMIFLRYW,-49.62
WWWKHELYMRMR,-47.574177
YWWFHMKWFSSR,-49.740944
AWWWVMLFMRFY,-52.94728
YWKRFWHWHHFH,-52.49744
EFFFRRGVFSAK,-47.106895
SWWFFFLWHMRH,-47.211643
WMWWYMVRITKF,-50.40985
WFLWTFRWMRHK,-46.802925
HWWKWIITYRRR,-48.04922
FWHFHFWMWLRF,-47.14184
HWWWLMLFIRFF,-54.39806
WWWLYYMFNVEY,-49.190975
LWWWYRFMMIFR,-53.56473
HWWWMKLYILRY,-49.88534
FWWMVMKLLRRW,-49.50311
GWMWWMYFMIAY,-48.782974
WWLRLYWMFHRR,-48.52412
KWHRWMERFMRW,-51.095425
EWWWKMLRIRRF,-53.4696
LFRWQWIIVMVW,-44.9343
WWWIERHFTGFK,-46.531693
HFFWYRKIYRFR,-48.239193
KWFFFFWSDGFR,-45.531963
AWWFHMWHHKFH,-52.55012
WAWWMIMMARRI,-51.82731
KFWWRWFMEHRF,-56.029
HLWWKLLFYLRW,-51.15286
WFWRHVWFRMFK,-49.85668
WWWIYDHFAMHY,-46.123554
WWWYYEIMYMIF,-47.373188
EWMWTMWFSMRY,-54.59386
YWWWNMFMMMRR,-54.05306
WFRMHLWWMMRM,-48.760784
HRWWWQIFMHHK,-50.817146
RWMHAIKFRMWR,-52.386448
WWMLWIFYIIAY,-49.22106
HWWMWRHFSMRY,-52.233097
KWRWWTHRILRF,-54.29872
KWKFWWMREARR,-48.740395
WFWMWHYLVMRR,-51.221737
WLWFMRWFHRRF,-56.132023
GWRWYMLWMMRF,-50.351833
AFWLMWWRVMMR,-46.268925
RWRMHSFWWYRF,-49.135197
WFWKFMFIKKRW,-50.354237
KWYWWGVRHMMR,-45.778316
WWWYAMIRMMRF,-48.562984
WFRIYWWRKIRL,-46.266216
WMWWFLIMMMHR,-52.566883
WWWLLRHHMMRR,-46.852818
FWMWVIMRLYRM,-50.640144
EWHLLMRRMKFF,-44.47578
WWWYYQMMMAIY,-45.59155
QWWMFMYWLHFF,-53.07844
NWHMMWHHWMVF,-49.11903
AWWHRMWFRHRF,-52.38309
WWWLIRHFFKFK,-47.45662
WWWFKEHFGMFK,-48.448242
WFWWYIFFDMFI,-53.626972
RKWRRWRAWQHF,-47.017483
WMWHMFHWAEGF,-48.36525
VWFFFFWWRRRF,-47.22279
HFMWGWWIDRFK,-46.462345
KQWFMFWWMFRL,-47.14449
WMWWYIHFMARF,-53.388966
WWLHFEFQQMMY,-47.26586
RWWFHRWHRMRF,-50.69973
WFRIWSMWRRMF,-53.14256
HFWWKIRWYLRF,-52.613125
WWWLEMEIKMRR,-45.769978
WWWLKDFHIEFK,-47.400448
EWFFWFWFFRFR,-48.459667
WFMHFWSFLLMW,-43.470966
HWRWFIRWMMRR,-53.086224
HAWWLRMWRMMR,-48.049496
HWWRWEIMRRRY,-48.68523
SWYWFMRWAMRV,-49.134483
HMWRMWYRRLFW,-46.850063
SWWWQMLFMRFF,-56.456963
WWEALMMWNKFI,-44.73967
WWHWLMFFMRFF,-54.993755
WFKHQWIHFMMM,-45.607944
FWWWYTFHERRR,-52.443424
KWWFHFFRDLSW,-46.916245
YWWFFSWMDRRK,-51.423786
WHWIWYMYRIFR,-50.47018
WWWILRLFTMFK,-45.849995
WWKWRMLIMMRR,-52.631462
YWMMLWGWFMYQ,-48.786976
HWMWWYRLRIIY,-47.68246
WFKKRFMWWYQH,-46.852654
DWWWRMTFQMFF,-53.116577
WWWYEEFYMGFY,-43.46996
DWHWWYMIRILR,-45.58798
WWWIYIMFMMHF,-46.71579
MWWWIMLFIIYF,-49.531116
WFIWRWFHMRRR,-51.76309
EWWMFAWFKRRF,-50.177204
MFFLWMNMWNFF,-41.920803
FWHWQMRWAMRR,-51.881588
IWRFMEWKFFWK,-44.545704
WWWILMFRYMMR,-45.82304
HWWMWMRRIKKK,-46.24195
EWWHHKWMMIRF,-45.2145
WWWYYDIMLMIF,-46.41167
WWMWKLIRSEFY,-48.178486
HWEWFMFWAMRR,-51.090633
HFWFHMWFEMFF,-52.36938
WFRWWMRITEKR,-50.307068
WFKHIWIVMMRG,-43.823444
WWWLKTFFDTFK,-46.92499
WMWWFIIFMLFF,-53.813763
FWMWWYYFIRFF,-49.298145
HFWHIWWMYRRR,-52.114315
IWWKKMWFHMHR,-51.659298
WWWKHEMMMMFH,-50.770386
WFRWWMRVYDLR,-49.35368
WWWILRAQVAFK,-43.782703
HFKHFMYYRMIL,-44.514507
HWWFFAWFHRRK,-53.554848
FWWRKIEWREMQ,-44.626198
WFHWWMFFITSF,-52.529316
WKWWRRFYMHRR,-54.24467
WWWHYTHYLMRM,-45.600864
WFRWMMMFMKNW,-47.755547
MWLWWYHYVKNF,-49.06415
FWWHWNEYGMRR,-47.99696
WKRWWSLMMMRR,-52.01334
WHRWWYFFFRDK,-52.27109
WHWFWRTMLMRR,-49.228775
HWWMWMIFIIAR,-48.17985
EWWWLMLHMMFR,-52.661495
LWWFELWMQRRF,-49.36295
EEWHWLHWHMMR,-48.854984
AWFWMMRWQMRR,-53.908894
WFWKWMRRMMRF,-53.279972
EWFHWKHHSMRR,-52.738567
WWWIYYMFMSVY,-47.565662
YWWWQFMFMHRF,-52.78865
LELWWMYWRRRM,-48.85579
WHWFFYWMIRAR,-51.3184
HRWYIMWWHMRF,-50.161366
GWWMFRKYEEFK,-46.315006
HHWFMRMYFWSM,-50.53135
HKWFWMTWEMRF,-49.391186
VWWFFTWRMRRY,-48.61838
FWHMWMFWSMRR,-49.60587
FEWFIFMFNWSF,-49.686657
VFWFREIMFLLW,-46.47009
HFMIWLYHQMLW,-43.978107
WEWWFFIRIKLR,-48.470493
EWIWFFFMFRSW,-46.713306
WHMMRKWWMMRF,-50.355152
WEWWELIFNDFR,-48.531002
HWFWSFFRHMRW,-55.69179
RIWRRWWHLIFL,-49.146027
WHWHWRMFAMRH,-50.590694
